{
  "next.config.js": 1775965869.618569,
  "next-env.d.ts": 1775175484.689009,
  "tailwind.config.ts": 1775965869.568797,
  "postcss.config.js": 1775965869.5801156,
  "app/layout.tsx": 1775965869.6108167,
  "app/page.tsx": 1775965869.6018264,
  "components/Projects.tsx": 1775965869.5968497,
  "components/ActionWord.tsx": 1775965869.6058311,
  "components/HalftoneOverlay.tsx": 1775965869.605844,
  "components/Contact.tsx": 1775965869.5758562,
  "components/ProjectCard.tsx": 1775965869.5690508,
  "components/OriginStory.tsx": 1775965869.5693276,
  "components/CaptionBox.tsx": 1775947074.4390218,
  "components/SplashHero.tsx": 1775965869.5687401,
  "components/PageBreak.tsx": 1775947076.1090484,
  "components/SoundEffect.tsx": 1775965869.56882,
  "components/Skills.tsx": 1775965869.5693407,
  "components/ComicCover.tsx": 1775965869.6058073,
  "components/ComicPanel.tsx": 1775965869.6017022,
  "components/PowerBar.tsx": 1775965869.5690305,
  "lib/gsap.ts": 1775965869.6058576,
  "Resume.MD": 1775948212.185112,
  "README.md": 1775965869.568731,
  "graphify-out/GRAPH_REPORT.md": 1775966463.4081545
}